onset	duration	trial_type	value	sample
14.71	0.0	+75.000000	1	14710
14.71	0.0	1st change	4	14710
15.95	0.0	+76.000000	2	15950
15.95	0.0	onset	6	15950
16.88	0.0	+77.000000	3	16880
16.88	0.0	AD1-4, ATT1,2	5	16880